state,measure_id,observations,available_scores,completeness_pct,avg_readmission_score,denominator_weighted_score,total_denominator
AK,READM_30_AMI,23,4,17.4,13.82,13.32,584.0
AK,READM_30_CABG,23,1,4.3,11.5,11.5,118.0
AK,READM_30_COPD,23,8,34.8,19.64,19.53,525.0
AK,READM_30_HF,23,9,39.1,21.29,20.86,1214.0
AK,READM_30_HIP_KNEE,23,4,17.4,6.03,6.22,422.0
AK,READM_30_PN,23,14,60.9,16.95,16.86,1605.0
AL,READM_30_AMI,90,33,36.7,14.31,14.31,7238.0
AL,READM_30_CABG,90,19,21.1,11.67,11.58,3072.0
AL,READM_30_COPD,90,62,68.9,19.89,19.92,9284.0
AL,READM_30_HF,90,64,71.1,21.29,21.3,21819.0
AL,READM_30_HIP_KNEE,90,34,37.8,5.98,5.94,3917.0
AL,READM_30_PN,90,71,78.9,17.3,17.46,23714.0
AR,READM_30_AMI,80,27,33.8,14.43,14.43,5234.0
AR,READM_30_CABG,80,11,13.8,11.09,10.33,1694.0
AR,READM_30_COPD,80,40,50.0,19.7,19.95,6329.0
AR,READM_30_HF,80,46,57.5,21.64,21.73,13424.0
AR,READM_30_HIP_KNEE,80,12,15.0,6.04,6.06,834.0
AR,READM_30_PN,80,61,76.3,17.32,17.3,16524.0
AS,READM_30_AMI,1,0,0.0,,,
AS,READM_30_CABG,1,0,0.0,,,
AS,READM_30_COPD,1,0,0.0,,,
AS,READM_30_HF,1,0,0.0,,,
AS,READM_30_HIP_KNEE,1,0,0.0,,,
AS,READM_30_PN,1,0,0.0,,,
AZ,READM_30_AMI,87,42,48.3,14.41,14.57,11112.0
AZ,READM_30_CABG,87,20,23.0,11.46,11.46,2824.0
AZ,READM_30_COPD,87,54,62.1,19.85,20.01,9251.0
AZ,READM_30_HF,87,56,64.4,20.91,20.77,24852.0
AZ,READM_30_HIP_KNEE,87,36,41.4,5.8,5.61,4001.0
AZ,READM_30_PN,87,71,81.6,17.18,17.21,34098.0
CA,READM_30_AMI,337,182,54.0,14.43,14.3,40146.0
CA,READM_30_CABG,337,98,29.1,11.19,10.83,8937.0
CA,READM_30_COPD,337,261,77.4,19.94,20.04,34121.0
CA,READM_30_HF,337,273,81.0,21.41,21.32,112326.0
CA,READM_30_HIP_KNEE,337,177,52.5,5.61,5.33,23492.0
CA,READM_30_PN,337,289,85.8,17.7,17.83,122992.0
CO,READM_30_AMI,88,36,40.9,13.89,13.5,5775.0
CO,READM_30_CABG,88,15,17.0,10.15,9.98,1053.0
CO,READM_30_COPD,88,45,51.1,19.26,19.24,4758.0
CO,READM_30_HF,88,49,55.7,20.06,19.54,13639.0
CO,READM_30_HIP_KNEE,88,31,35.2,5.61,5.69,2552.0
CO,READM_30_PN,88,60,68.2,16.88,16.79,14943.0
CT,READM_30_AMI,28,16,57.1,14.43,14.62,4334.0
CT,READM_30_CABG,28,9,32.1,11.31,11.3,1155.0
CT,READM_30_COPD,28,26,92.9,20.22,20.49,5796.0
CT,READM_30_HF,28,26,92.9,21.2,21.08,17526.0
CT,READM_30_HIP_KNEE,28,15,53.6,5.7,5.69,1714.0
CT,READM_30_PN,28,26,92.9,17.72,18.05,19708.0
DC,READM_30_AMI,8,5,62.5,14.34,14.54,887.0
DC,READM_30_CABG,8,2,25.0,11.15,10.79,455.0
DC,READM_30_COPD,8,7,87.5,19.73,19.71,905.0
DC,READM_30_HF,8,7,87.5,21.56,20.94,3210.0
DC,READM_30_HIP_KNEE,8,5,62.5,5.56,5.57,326.0
DC,READM_30_PN,8,7,87.5,16.97,16.35,1935.0
DE,READM_30_AMI,8,6,75.0,14.67,15.0,1414.0
DE,READM_30_CABG,8,3,37.5,10.63,9.77,486.0
DE,READM_30_COPD,8,7,87.5,20.1,19.74,2217.0
DE,READM_30_HF,8,7,87.5,21.21,20.61,5539.0
DE,READM_30_HIP_KNEE,8,1,12.5,6.6,6.6,162.0
DE,READM_30_PN,8,7,87.5,17.44,17.2,5942.0
FL,READM_30_AMI,191,139,72.8,14.67,14.7,42415.0
FL,READM_30_CABG,191,71,37.2,11.26,11.02,11371.0
FL,READM_30_COPD,191,170,89.0,20.09,20.26,45852.0
FL,READM_30_HF,191,170,89.0,21.72,21.72,119443.0
FL,READM_30_HIP_KNEE,191,120,62.8,6.04,6.08,15953.0
FL,READM_30_PN,191,176,92.1,17.53,17.6,126967.0
GA,READM_30_AMI,136,60,44.1,14.35,14.18,13066.0
GA,READM_30_CABG,136,20,14.7,11.82,11.58,3467.0
GA,READM_30_COPD,136,86,63.2,19.84,19.89,15891.0
GA,READM_30_HF,136,89,65.4,21.19,21.03,46416.0
GA,READM_30_HIP_KNEE,136,41,30.1,5.93,5.86,2560.0
GA,READM_30_PN,136,104,76.5,17.41,17.42,40847.0
GU,READM_30_AMI,2,1,50.0,14.4,14.4,26.0
GU,READM_30_CABG,2,0,0.0,,,
GU,READM_30_COPD,2,1,50.0,19.8,19.8,54.0
GU,READM_30_HF,2,1,50.0,21.9,21.9,61.0
GU,READM_30_HIP_KNEE,2,0,0.0,,,
GU,READM_30_PN,2,1,50.0,17.0,17.0,68.0
HI,READM_30_AMI,23,8,34.8,14.19,14.11,1766.0
HI,READM_30_CABG,23,4,17.4,10.82,10.76,291.0
HI,READM_30_COPD,23,11,47.8,19.52,19.05,1217.0
HI,READM_30_HF,23,11,47.8,21.05,21.0,4309.0
HI,READM_30_HIP_KNEE,23,5,21.7,5.68,5.72,420.0
HI,READM_30_PN,23,12,52.2,16.64,16.75,5968.0
IA,READM_30_AMI,114,22,19.3,14.3,14.23,4628.0
IA,READM_30_CABG,114,9,7.9,10.58,10.47,1219.0
IA,READM_30_COPD,114,43,37.7,19.68,19.61,4629.0
IA,READM_30_HF,114,56,49.1,21.18,21.24,11832.0
IA,READM_30_HIP_KNEE,114,23,20.2,5.7,5.59,2617.0
IA,READM_30_PN,114,92,80.7,16.98,17.15,14929.0
ID,READM_30_AMI,44,9,20.5,13.18,12.93,2494.0
ID,READM_30_CABG,44,5,11.4,10.32,10.26,525.0
ID,READM_30_COPD,44,16,36.4,19.32,19.2,1632.0
ID,READM_30_HF,44,20,45.5,20.28,19.39,4599.0
ID,READM_30_HIP_KNEE,44,10,22.7,5.55,5.53,644.0
ID,READM_30_PN,44,29,65.9,16.7,16.29,5081.0
IL,READM_30_AMI,177,85,48.0,14.43,14.38,15133.0
IL,READM_30_CABG,177,44,24.9,11.3,11.03,4546.0
IL,READM_30_COPD,177,138,78.0,20.07,20.27,20390.0
IL,READM_30_HF,177,134,75.7,21.51,21.43,57360.0
IL,READM_30_HIP_KNEE,177,58,32.8,5.98,5.86,6746.0
IL,READM_30_PN,177,160,90.4,17.5,17.68,57330.0
IN,READM_30_AMI,117,49,41.9,14.24,14.1,10190.0
IN,READM_30_CABG,117,24,20.5,10.8,10.65,2552.0
IN,READM_30_COPD,117,89,76.1,19.64,19.68,13649.0
IN,READM_30_HF,117,92,78.6,20.96,21.08,31313.0
IN,READM_30_HIP_KNEE,117,38,32.5,5.69,5.37,3311.0
IN,READM_30_PN,117,104,88.9,16.99,17.05,37353.0
KS,READM_30_AMI,134,25,18.7,13.99,13.77,3680.0
KS,READM_30_CABG,134,13,9.7,10.51,9.92,1353.0
KS,READM_30_COPD,134,41,30.6,19.59,19.46,3575.0
KS,READM_30_HF,134,49,36.6,21.02,20.74,10399.0
KS,READM_30_HIP_KNEE,134,25,18.7,5.86,5.27,3926.0
KS,READM_30_PN,134,76,56.7,17.15,17.01,13406.0
KY,READM_30_AMI,93,36,38.7,14.42,14.3,8290.0
KY,READM_30_CABG,93,13,14.0,10.55,10.71,2371.0
KY,READM_30_COPD,93,72,77.4,19.89,20.13,11676.0
KY,READM_30_HF,93,66,71.0,21.36,21.34,22745.0
KY,READM_30_HIP_KNEE,93,19,20.4,6.14,6.25,1440.0
KY,READM_30_PN,93,81,87.1,17.37,17.51,28533.0
LA,READM_30_AMI,115,34,29.6,14.58,14.6,7774.0
LA,READM_30_CABG,115,21,18.3,11.93,11.98,2755.0
LA,READM_30_COPD,115,65,56.5,19.78,19.69,8422.0
LA,READM_30_HF,115,65,56.5,21.73,21.65,23506.0
LA,READM_30_HIP_KNEE,115,18,15.7,5.92,5.75,1151.0
LA,READM_30_PN,115,78,67.8,17.35,17.41,18996.0
MA,READM_30_AMI,65,35,53.8,14.76,14.84,9156.0
MA,READM_30_CABG,65,13,20.0,10.82,10.78,2044.0
MA,READM_30_COPD,65,51,78.5,20.36,20.44,12856.0
MA,READM_30_HF,65,53,81.5,22.03,22.0,36479.0
MA,READM_30_HIP_KNEE,65,44,67.7,5.71,5.32,9823.0
MA,READM_30_PN,65,54,83.1,17.81,17.92,37749.0
MD,READM_30_AMI,48,33,68.8,14.38,14.4,5440.0
MD,READM_30_CABG,48,11,22.9,10.61,10.55,1412.0
MD,READM_30_COPD,48,42,87.5,19.49,19.57,9655.0
MD,READM_30_HF,48,42,87.5,20.45,20.35,20658.0
MD,READM_30_HIP_KNEE,48,25,52.1,5.81,5.84,1866.0
MD,READM_30_PN,48,42,87.5,16.9,16.93,18451.0
ME,READM_30_AMI,32,9,28.1,13.79,12.78,2707.0
ME,READM_30_CABG,32,3,9.4,10.37,9.94,710.0
ME,READM_30_COPD,32,26,81.3,19.76,19.64,2410.0
ME,READM_30_HF,32,25,78.1,21.18,20.86,5743.0
ME,READM_30_HIP_KNEE,32,9,28.1,5.79,5.62,549.0
ME,READM_30_PN,32,30,93.8,17.19,17.1,6408.0
MI,READM_30_AMI,131,53,40.5,14.28,14.09,16167.0
MI,READM_30_CABG,131,32,24.4,10.41,10.43,3933.0
MI,READM_30_COPD,131,101,77.1,19.73,20.0,19897.0
MI,READM_30_HF,131,98,74.8,21.19,21.01,51213.0
MI,READM_30_HIP_KNEE,131,49,37.4,5.98,5.86,4750.0
MI,READM_30_PN,131,111,84.7,17.08,17.17,44073.0
MN,READM_30_AMI,126,22,17.5,14.26,14.2,7543.0
MN,READM_30_CABG,126,13,10.3,11.06,11.09,2082.0
MN,READM_30_COPD,126,54,42.9,19.72,19.75,6458.0
MN,READM_30_HF,126,71,56.3,21.08,20.52,21479.0
MN,READM_30_HIP_KNEE,126,38,30.2,5.8,5.78,5409.0
MN,READM_30_PN,126,95,75.4,17.11,17.15,20064.0
MO,READM_30_AMI,107,49,45.8,14.32,14.33,9945.0
MO,READM_30_CABG,107,23,21.5,11.43,11.19,2844.0
MO,READM_30_COPD,107,78,72.9,20.11,20.31,12702.0
MO,READM_30_HF,107,78,72.9,21.62,21.68,30778.0
MO,READM_30_HIP_KNEE,107,35,32.7,6.12,6.06,3464.0
MO,READM_30_PN,107,93,86.9,17.28,17.45,33336.0
MP,READM_30_AMI,1,1,100.0,14.6,14.6,35.0
MP,READM_30_CABG,1,0,0.0,,,
MP,READM_30_COPD,1,0,0.0,,,
MP,READM_30_HF,1,1,100.0,21.9,21.9,28.0
MP,READM_30_HIP_KNEE,1,0,0.0,,,
MP,READM_30_PN,1,1,100.0,17.6,17.6,52.0
MS,READM_30_AMI,99,22,22.2,14.23,14.21,3977.0
MS,READM_30_CABG,99,14,14.1,11.16,11.19,1383.0
MS,READM_30_COPD,99,50,50.5,20.11,20.36,5770.0
MS,READM_30_HF,99,50,50.5,21.59,21.71,12678.0
MS,READM_30_HIP_KNEE,99,16,16.2,6.03,5.97,1551.0
MS,READM_30_PN,99,66,66.7,17.35,17.78,15577.0
MT,READM_30_AMI,62,10,16.1,14.04,13.86,1795.0
MT,READM_30_CABG,62,5,8.1,11.14,11.28,489.0
MT,READM_30_COPD,62,14,22.6,19.64,19.76,1160.0
MT,READM_30_HF,62,19,30.6,20.85,20.33,3124.0
MT,READM_30_HIP_KNEE,62,9,14.5,5.66,5.59,655.0
MT,READM_30_PN,62,24,38.7,16.68,16.18,3681.0
NC,READM_30_AMI,106,50,47.2,14.22,14.01,14852.0
NC,READM_30_CABG,106,21,19.8,10.9,10.97,4440.0
NC,READM_30_COPD,106,92,86.8,19.82,19.83,19867.0
NC,READM_30_HF,106,93,87.7,21.37,21.06,48814.0
NC,READM_30_HIP_KNEE,106,50,47.2,5.7,5.44,7358.0
NC,READM_30_PN,106,98,92.5,17.06,16.93,48966.0
ND,READM_30_AMI,45,6,13.3,13.73,13.53,1574.0
ND,READM_30_CABG,45,6,13.3,11.15,11.2,598.0
ND,READM_30_COPD,45,12,26.7,19.49,19.28,1201.0
ND,READM_30_HF,45,13,28.9,21.05,20.35,3524.0
ND,READM_30_HIP_KNEE,45,7,15.6,5.97,5.77,472.0
ND,READM_30_PN,45,27,60.0,17.06,16.49,3855.0
NE,READM_30_AMI,91,18,19.8,14.31,14.47,2398.0
NE,READM_30_CABG,91,8,8.8,10.94,10.29,1022.0
NE,READM_30_COPD,91,21,23.1,19.8,19.53,2406.0
NE,READM_30_HF,91,30,33.0,21.19,21.25,6553.0
NE,READM_30_HIP_KNEE,91,14,15.4,5.89,6.1,1116.0
NE,READM_30_PN,91,47,51.6,17.31,17.31,6493.0
NH,READM_30_AMI,26,11,42.3,14.5,14.21,2672.0
NH,READM_30_CABG,26,4,15.4,10.47,10.38,576.0
NH,READM_30_COPD,26,22,84.6,20.14,20.44,2042.0
NH,READM_30_HF,26,23,88.5,21.86,22.25,6248.0
NH,READM_30_HIP_KNEE,26,10,38.5,5.88,6.03,711.0
NH,READM_30_PN,26,26,100.0,17.92,18.07,7178.0
NJ,READM_30_AMI,64,54,84.4,14.36,14.31,10987.0
NJ,READM_30_CABG,64,17,26.6,11.04,10.96,2694.0
NJ,READM_30_COPD,64,61,95.3,20.21,20.28,13342.0
NJ,READM_30_HF,64,61,95.3,21.62,21.46,40126.0
NJ,READM_30_HIP_KNEE,64,31,48.4,5.89,5.66,3269.0
NJ,READM_30_PN,64,62,96.9,17.81,17.66,39830.0
NM,READM_30_AMI,41,12,29.3,14.15,13.93,2758.0
NM,READM_30_CABG,41,5,12.2,11.06,10.99,476.0
NM,READM_30_COPD,41,20,48.8,19.52,19.74,2157.0
NM,READM_30_HF,41,25,61.0,21.13,20.77,5989.0
NM,READM_30_HIP_KNEE,41,9,22.0,5.59,5.5,792.0
NM,READM_30_PN,41,33,80.5,17.0,16.68,8392.0
NV,READM_30_AMI,38,18,47.4,14.61,14.47,3748.0
NV,READM_30_CABG,38,10,26.3,11.2,11.12,1036.0
NV,READM_30_COPD,38,27,71.1,19.83,19.93,5033.0
NV,READM_30_HF,38,25,65.8,21.81,21.8,10779.0
NV,READM_30_HIP_KNEE,38,13,34.2,5.48,5.45,1871.0
NV,READM_30_PN,38,27,71.1,17.88,18.13,13533.0
NY,READM_30_AMI,163,90,55.2,14.47,14.49,21878.0
NY,READM_30_CABG,163,31,19.0,10.69,10.3,6106.0
NY,READM_30_COPD,163,136,83.4,20.27,20.44,30570.0
NY,READM_30_HF,163,137,84.0,21.89,21.47,78545.0
NY,READM_30_HIP_KNEE,163,94,57.7,5.59,4.86,24821.0
NY,READM_30_PN,163,143,87.7,17.78,17.69,85896.0
OH,READM_30_AMI,164,80,48.8,14.52,14.51,20204.0
OH,READM_30_CABG,164,40,24.4,11.07,10.62,5378.0
OH,READM_30_COPD,164,133,81.1,19.74,19.76,26838.0
OH,READM_30_HF,164,129,78.7,21.66,21.62,64617.0
OH,READM_30_HIP_KNEE,164,66,40.2,6.07,5.92,6419.0
OH,READM_30_PN,164,139,84.8,17.27,17.51,62578.0
OK,READM_30_AMI,124,28,22.6,14.57,14.39,5260.0
OK,READM_30_CABG,124,11,8.9,11.24,10.6,1638.0
OK,READM_30_COPD,124,52,41.9,20.02,20.25,7555.0
OK,READM_30_HF,124,57,46.0,21.41,21.2,14775.0
OK,READM_30_HIP_KNEE,124,34,27.4,6.07,5.93,2959.0
OK,READM_30_PN,124,77,62.1,17.29,17.44,18988.0
OR,READM_30_AMI,60,23,38.3,13.8,13.5,6063.0
OR,READM_30_CABG,60,11,18.3,10.17,10.08,1434.0
OR,READM_30_COPD,60,41,68.3,19.64,19.83,4761.0
OR,READM_30_HF,60,50,83.3,20.85,20.6,15576.0
OR,READM_30_HIP_KNEE,60,18,30.0,5.77,5.54,2110.0
OR,READM_30_PN,60,54,90.0,16.86,16.71,12719.0
PA,READM_30_AMI,160,91,56.9,14.5,14.63,20829.0
PA,READM_30_CABG,160,45,28.1,10.99,10.95,6091.0
PA,READM_30_COPD,160,131,81.9,20.02,20.14,26276.0
PA,READM_30_HF,160,135,84.4,21.59,21.74,76831.0
PA,READM_30_HIP_KNEE,160,82,51.3,5.89,5.81,12627.0
PA,READM_30_PN,160,139,86.9,17.56,17.62,65084.0
PR,READM_30_AMI,55,34,61.8,15.28,15.43,7711.0
PR,READM_30_CABG,55,8,14.5,11.18,10.9,736.0
PR,READM_30_COPD,55,35,63.6,20.36,20.67,3888.0
PR,READM_30_HF,55,40,72.7,23.29,23.63,10376.0
PR,READM_30_HIP_KNEE,55,29,52.7,5.38,4.6,5952.0
PR,READM_30_PN,55,43,78.2,18.6,18.81,12493.0
RI,READM_30_AMI,11,6,54.5,14.67,15.06,1628.0
RI,READM_30_CABG,11,1,9.1,9.5,9.5,143.0
RI,READM_30_COPD,11,10,90.9,20.36,20.06,2585.0
RI,READM_30_HF,11,10,90.9,21.45,21.64,5989.0
RI,READM_30_HIP_KNEE,11,6,54.5,5.62,5.01,806.0
RI,READM_30_PN,11,10,90.9,17.78,17.25,5579.0
SC,READM_30_AMI,58,26,44.8,14.31,14.22,8070.0
SC,READM_30_CABG,58,16,27.6,11.41,11.76,2685.0
SC,READM_30_COPD,58,51,87.9,20.02,20.2,10135.0
SC,READM_30_HF,58,52,89.7,21.55,21.65,25021.0
SC,READM_30_HIP_KNEE,58,26,44.8,6.1,6.04,2036.0
SC,READM_30_PN,58,53,91.4,17.74,18.01,22141.0
SD,READM_30_AMI,60,5,8.3,13.56,13.17,1682.0
SD,READM_30_CABG,60,3,5.0,10.6,10.21,568.0
SD,READM_30_COPD,60,14,23.3,19.98,19.89,1263.0
SD,READM_30_HF,60,18,30.0,20.91,20.53,3077.0
SD,READM_30_HIP_KNEE,60,11,18.3,5.78,4.99,1454.0
SD,READM_30_PN,60,34,56.7,17.03,17.0,4048.0
TN,READM_30_AMI,101,45,44.6,14.37,14.31,11624.0
TN,READM_30_CABG,101,20,19.8,10.79,10.73,4019.0
TN,READM_30_COPD,101,74,73.3,19.86,19.97,13169.0
TN,READM_30_HF,101,75,74.3,21.35,21.06,33966.0
TN,READM_30_HIP_KNEE,101,36,35.6,5.92,5.69,4633.0
TN,READM_30_PN,101,84,83.2,17.45,17.46,37141.0
TX,READM_30_AMI,406,168,41.4,14.48,14.62,33428.0
TX,READM_30_CABG,406,93,22.9,11.35,11.31,11959.0
TX,READM_30_COPD,406,198,48.8,19.85,19.95,33192.0
TX,READM_30_HF,406,224,55.2,21.26,21.07,102896.0
TX,READM_30_HIP_KNEE,406,114,28.1,5.89,5.77,12853.0
TX,READM_30_PN,406,258,63.5,17.32,17.54,112487.0
UT,READM_30_AMI,48,14,29.2,13.77,13.26,3131.0
UT,READM_30_CABG,48,8,16.7,10.1,9.93,872.0
UT,READM_30_COPD,48,18,37.5,19.52,19.4,1217.0
UT,READM_30_HF,48,27,56.3,20.41,19.54,6090.0
UT,READM_30_HIP_KNEE,48,20,41.7,5.65,5.65,1658.0
UT,READM_30_PN,48,37,77.1,16.57,16.03,7047.0
VA,READM_30_AMI,87,46,52.9,14.25,14.14,11563.0
VA,READM_30_CABG,87,18,20.7,11.07,10.8,2551.0
VA,READM_30_COPD,87,76,87.4,19.7,19.74,11948.0
VA,READM_30_HF,87,78,89.7,21.23,20.97,38912.0
VA,READM_30_HIP_KNEE,87,38,43.7,5.92,5.79,3599.0
VA,READM_30_PN,87,78,89.7,17.36,17.44,35608.0
VI,READM_30_AMI,2,0,0.0,,,
VI,READM_30_CABG,2,0,0.0,,,
VI,READM_30_COPD,2,0,0.0,,,
VI,READM_30_HF,2,2,100.0,22.3,22.28,168.0
VI,READM_30_HIP_KNEE,2,0,0.0,,,
VI,READM_30_PN,2,2,100.0,17.4,17.53,118.0
VT,READM_30_AMI,15,1,6.7,14.2,14.2,712.0
VT,READM_30_CABG,15,1,6.7,10.5,10.5,213.0
VT,READM_30_COPD,15,11,73.3,20.15,20.49,1092.0
VT,READM_30_HF,15,14,93.3,21.34,21.0,2200.0
VT,READM_30_HIP_KNEE,15,5,33.3,5.92,5.81,313.0
VT,READM_30_PN,15,14,93.3,17.14,17.08,2380.0
WA,READM_30_AMI,91,35,38.5,13.95,13.83,9519.0
WA,READM_30_CABG,91,15,16.5,10.51,10.4,2033.0
WA,READM_30_COPD,91,55,60.4,19.93,20.1,7250.0
WA,READM_30_HF,91,59,64.8,20.97,20.67,24530.0
WA,READM_30_HIP_KNEE,91,37,40.7,5.58,5.33,3402.0
WA,READM_30_PN,91,69,75.8,16.86,16.76,22780.0
WI,READM_30_AMI,127,39,30.7,14.09,13.83,8811.0
WI,READM_30_CABG,127,21,16.5,10.61,10.43,2806.0
WI,READM_30_COPD,127,89,70.1,19.79,19.98,9037.0
WI,READM_30_HF,127,100,78.7,21.16,21.13,26580.0
WI,READM_30_HIP_KNEE,127,27,21.3,5.79,5.4,2851.0
WI,READM_30_PN,127,107,84.3,17.04,16.96,22612.0
WV,READM_30_AMI,50,15,30.0,14.69,14.85,5019.0
WV,READM_30_CABG,50,7,14.0,11.01,11.72,1116.0
WV,READM_30_COPD,50,39,78.0,20.17,20.27,6824.0
WV,READM_30_HF,50,37,74.0,22.1,22.47,10772.0
WV,READM_30_HIP_KNEE,50,15,30.0,5.81,5.8,1408.0
WV,READM_30_PN,50,43,86.0,17.6,17.93,14070.0
WY,READM_30_AMI,30,3,10.0,14.3,14.56,452.0
WY,READM_30_CABG,30,2,6.7,12.85,12.83,64.0
WY,READM_30_COPD,30,10,33.3,19.32,19.02,722.0
WY,READM_30_HF,30,12,40.0,20.64,20.6,1501.0
WY,READM_30_HIP_KNEE,30,6,20.0,6.15,6.24,286.0
WY,READM_30_PN,30,19,63.3,17.05,16.96,2084.0
